时间,sx,,重新排序列,dx
2017\8\6 0:00,0,,1,0
2017\8\6 0:02,0,,2,0
2017\8\6 0:04,0,,3,0
2017\8\6 0:06,0,,4,0
2017\8\6 0:08,0,,5,0
2017\8\6 0:10,0,,6,0
2017\8\6 0:12,0,,7,0
2017\8\6 0:14,0,,8,0
2017\8\6 0:16,0,,9,0
2017\8\6 0:18,0,,10,0
2017\8\6 0:20,0,,11,0
2017\8\6 0:22,0,,12,0
2017\8\6 0:24,0,,13,0
2017\8\6 0:26,0,,14,0
2017\8\6 0:28,0,,15,0
2017\8\6 0:30,0,,16,0
2017\8\6 0:32,0,,17,0
2017\8\6 0:34,0,,18,0
2017\8\6 0:36,0,,19,0
2017\8\6 0:38,0,,20,0
2017\8\6 0:40,0,,21,0
2017\8\6 0:42,0,,22,0
2017\8\6 0:44,0,,23,0
2017\8\6 0:46,0,,24,0
2017\8\6 0:48,0,,25,0
2017\8\6 0:50,0,,26,0
2017\8\6 0:52,0,,27,0
2017\8\6 0:54,0,,28,0
2017\8\6 0:56,0,,29,0
2017\8\6 0:58,0,,30,0
2017\8\6 1:00,0,,31,0
2017\8\6 1:02,0,,32,0
2017\8\6 1:04,0,,33,0
2017\8\6 1:06,0,,34,0
2017\8\6 1:08,0,,35,0
2017\8\6 1:10,0,,36,0
2017\8\6 1:12,0,,37,0
2017\8\6 1:14,0,,38,0
2017\8\6 1:16,0,,39,0
2017\8\6 1:18,0,,40,0
2017\8\6 1:20,0,,41,0
2017\8\6 1:22,1,,42,0
2017\8\6 1:24,0,,43,0
2017\8\6 1:26,0,,44,0
2017\8\6 1:28,0,,45,0
2017\8\6 1:30,0,,46,0
2017\8\6 1:32,0,,47,0
2017\8\6 1:34,0,,48,0
2017\8\6 1:36,0,,49,0
2017\8\6 1:38,0,,50,0
2017\8\6 1:40,0,,51,0
2017\8\6 1:42,0,,52,0
2017\8\6 1:44,5,,53,2
2017\8\6 1:46,0,,54,0
2017\8\6 1:48,0,,55,0
2017\8\6 1:50,1,,56,0
2017\8\6 1:52,0,,57,0
2017\8\6 1:54,0,,58,0
2017\8\6 1:56,0,,59,0
2017\8\6 1:58,0,,60,0
2017\8\6 2:00,0,,61,0
2017\8\6 2:02,0,,62,0
2017\8\6 2:04,0,,63,0
2017\8\6 2:06,0,,64,0
2017\8\6 2:08,0,,65,0
2017\8\6 2:10,0,,66,0
2017\8\6 2:12,0,,67,0
2017\8\6 2:14,0,,68,0
2017\8\6 2:16,0,,69,0
2017\8\6 2:18,0,,70,0
2017\8\6 2:20,0,,71,0
2017\8\6 2:22,0,,72,0
2017\8\6 2:24,0,,73,0
2017\8\6 2:26,0,,74,0
2017\8\6 2:28,0,,75,0
2017\8\6 2:30,0,,76,0
2017\8\6 2:32,0,,77,0
2017\8\6 2:34,0,,78,0
2017\8\6 2:36,0,,79,0
2017\8\6 2:38,0,,80,0
2017\8\6 2:40,0,,81,0
2017\8\6 2:42,0,,82,0
2017\8\6 2:44,0,,83,0
2017\8\6 2:46,0,,84,0
2017\8\6 2:48,0,,85,0
2017\8\6 2:50,0,,86,0
2017\8\6 2:52,0,,87,0
2017\8\6 2:54,0,,88,0
2017\8\6 2:56,0,,89,0
2017\8\6 2:58,0,,90,0
2017\8\6 3:00,0,,91,0
2017\8\6 3:02,0,,92,0
2017\8\6 3:04,0,,93,0
2017\8\6 3:06,0,,94,0
2017\8\6 3:08,0,,95,0
2017\8\6 3:10,0,,96,0
2017\8\6 3:12,0,,97,0
2017\8\6 3:14,0,,98,0
2017\8\6 3:16,0,,99,0
2017\8\6 3:18,0,,100,0
2017\8\6 3:20,0,,101,0
2017\8\6 3:22,0,,102,0
2017\8\6 3:24,0,,103,0
2017\8\6 3:26,0,,104,0
2017\8\6 3:28,0,,105,0
2017\8\6 3:30,0,,106,0
2017\8\6 3:32,0,,107,0
2017\8\6 3:34,0,,108,0
2017\8\6 3:36,0,,109,0
2017\8\6 3:38,0,,110,0
2017\8\6 3:40,0,,111,0
2017\8\6 3:42,0,,112,0
2017\8\6 3:44,0,,113,0
2017\8\6 3:46,0,,114,0
2017\8\6 3:48,0,,115,0
2017\8\6 3:50,0,,116,0
2017\8\6 3:52,0,,117,0
2017\8\6 3:54,0,,118,0
2017\8\6 3:56,0,,119,0
2017\8\6 3:58,0,,120,0
2017\8\6 4:00,0,,121,0
2017\8\6 4:02,0,,122,0
2017\8\6 4:04,0,,123,0
2017\8\6 4:06,0,,124,0
2017\8\6 4:08,0,,125,0
2017\8\6 4:10,0,,126,0
2017\8\6 4:12,0,,127,0
2017\8\6 4:14,0,,128,0
2017\8\6 4:16,0,,129,0
2017\8\6 4:18,0,,130,0
2017\8\6 4:20,0,,131,0
2017\8\6 4:22,0,,132,0
2017\8\6 4:24,0,,133,0
2017\8\6 4:26,0,,134,0
2017\8\6 4:28,0,,135,0
2017\8\6 4:30,0,,136,0
2017\8\6 4:32,0,,137,0
2017\8\6 4:34,0,,138,0
2017\8\6 4:36,0,,139,0
2017\8\6 4:38,0,,140,0
2017\8\6 4:40,0,,141,0
2017\8\6 4:42,0,,142,0
2017\8\6 4:44,0,,143,0
2017\8\6 4:46,0,,144,0
2017\8\6 4:48,0,,145,0
2017\8\6 4:50,0,,146,0
2017\8\6 4:52,0,,147,0
2017\8\6 4:54,0,,148,0
2017\8\6 4:56,0,,149,0
2017\8\6 4:58,0,,150,0
2017\8\6 5:00,0,,151,0
2017\8\6 5:02,0,,152,0
2017\8\6 5:04,0,,153,0
2017\8\6 5:06,0,,154,0
2017\8\6 5:08,1,,155,0
2017\8\6 5:10,0,,156,0
2017\8\6 5:12,3,,157,1
2017\8\6 5:14,2,,158,1
2017\8\6 5:16,3,,159,1
2017\8\6 5:18,3,,160,1
2017\8\6 5:20,4,,161,2
2017\8\6 5:22,1,,162,0
2017\8\6 5:24,1,,163,0
2017\8\6 5:26,5,,164,2
2017\8\6 5:28,1,,165,0
2017\8\6 5:30,1,,166,0
2017\8\6 5:32,3,,167,1
2017\8\6 5:34,3,,168,1
2017\8\6 5:36,5,,169,2
2017\8\6 5:38,9,,170,4
2017\8\6 5:40,7,,171,3
2017\8\6 5:42,0,,172,0
2017\8\6 5:44,12,,173,6
2017\8\6 5:46,16,,174,8
2017\8\6 5:48,1,,175,0
2017\8\6 5:50,2,,176,1
2017\8\6 5:52,3,,177,1
2017\8\6 5:54,15,,178,7
2017\8\6 5:56,11,,179,5
2017\8\6 5:58,5,,180,2
2017\8\6 6:00,14,,181,7
2017\8\6 6:02,3,,182,1
2017\8\6 6:04,10,,183,5
2017\8\6 6:06,4,,184,2
2017\8\6 6:08,1,,185,0
2017\8\6 6:10,1,,186,0
2017\8\6 6:12,0,,187,0
2017\8\6 6:14,8,,188,4
2017\8\6 6:16,6,,189,3
2017\8\6 6:18,6,,190,3
2017\8\6 6:20,14,,191,7
2017\8\6 6:22,11,,192,5
2017\8\6 6:24,3,,193,1
2017\8\6 6:26,10,,194,5
2017\8\6 6:28,7,,195,3
2017\8\6 6:30,4,,196,2
2017\8\6 6:32,4,,197,2
2017\8\6 6:34,12,,198,6
2017\8\6 6:36,3,,199,1
2017\8\6 6:38,6,,200,3
2017\8\6 6:40,6,,201,3
2017\8\6 6:42,6,,202,3
2017\8\6 6:44,9,,203,4
2017\8\6 6:46,11,,204,5
2017\8\6 6:48,16,,205,8
2017\8\6 6:50,15,,206,7
2017\8\6 6:52,20,,207,10
2017\8\6 6:54,8,,208,4
2017\8\6 6:56,27,,209,13
2017\8\6 6:58,2,,210,1
2017\8\6 7:00,26,,211,13
2017\8\6 7:02,10,,212,5
2017\8\6 7:04,19,,213,9
2017\8\6 7:06,39,,214,19
2017\8\6 7:08,10,,215,5
2017\8\6 7:10,18,,216,9
2017\8\6 7:12,18,,217,9
2017\8\6 7:14,20,,218,10
2017\8\6 7:16,13,,219,6
2017\8\6 7:18,6,,220,3
2017\8\6 7:20,22,,221,11
2017\8\6 7:22,7,,222,3
2017\8\6 7:24,30,,223,15
2017\8\6 7:26,19,,224,9
2017\8\6 7:28,14,,225,7
2017\8\6 7:30,24,,226,12
2017\8\6 7:32,18,,227,9
2017\8\6 7:34,12,,228,6
2017\8\6 7:36,26,,229,13
2017\8\6 7:38,35,,230,17
2017\8\6 7:40,22,,231,11
2017\8\6 7:42,23,,232,11
2017\8\6 7:44,28,,233,14
2017\8\6 7:46,27,,234,13
2017\8\6 7:48,21,,235,10
2017\8\6 7:50,12,,236,6
2017\8\6 7:52,28,,237,14
2017\8\6 7:54,9,,238,4
2017\8\6 7:56,31,,239,15
2017\8\6 7:58,16,,240,8
2017\8\6 8:00,30,,241,15
2017\8\6 8:02,43,,242,21
2017\8\6 8:04,30,,243,15
2017\8\6 8:06,27,,244,13
2017\8\6 8:08,59,,245,29
2017\8\6 8:10,56,,246,28
2017\8\6 8:12,38,,247,19
2017\8\6 8:14,61,,248,30
2017\8\6 8:16,47,,249,23
2017\8\6 8:18,32,,250,16
2017\8\6 8:20,57,,251,28
2017\8\6 8:22,57,,252,28
2017\8\6 8:24,22,,253,11
2017\8\6 8:26,76,,254,38
2017\8\6 8:28,43,,255,21
2017\8\6 8:30,62,,256,31
2017\8\6 8:32,46,,257,23
2017\8\6 8:34,53,,258,26
2017\8\6 8:36,53,,259,26
2017\8\6 8:38,74,,260,37
2017\8\6 8:40,82,,261,41
2017\8\6 8:42,34,,262,17
2017\8\6 8:44,56,,263,28
2017\8\6 8:46,52,,264,26
2017\8\6 8:48,43,,265,21
2017\8\6 8:50,54,,266,27
2017\8\6 8:52,50,,267,25
2017\8\6 8:54,26,,268,13
2017\8\6 8:56,46,,269,23
2017\8\6 8:58,57,,270,28
2017\8\6 9:00,23,,271,11
2017\8\6 9:02,45,,272,22
2017\8\6 9:04,50,,273,25
2017\8\6 9:06,13,,274,6
2017\8\6 9:08,77,,275,38
2017\8\6 9:10,36,,276,18
2017\8\6 9:12,38,,277,19
2017\8\6 9:14,34,,278,17
2017\8\6 9:16,57,,279,28
2017\8\6 9:18,25,,280,12
2017\8\6 9:20,50,,281,25
2017\8\6 9:22,58,,282,29
2017\8\6 9:24,55,,283,27
2017\8\6 9:26,58,,284,29
2017\8\6 9:28,66,,285,33
2017\8\6 9:30,60,,286,30
2017\8\6 9:32,34,,287,17
2017\8\6 9:34,51,,288,25
2017\8\6 9:36,34,,289,17
2017\8\6 9:38,48,,290,24
2017\8\6 9:40,62,,291,31
2017\8\6 9:42,28,,292,14
2017\8\6 9:44,48,,293,24
2017\8\6 9:46,53,,294,26
2017\8\6 9:48,40,,295,20
2017\8\6 9:50,43,,296,21
2017\8\6 9:52,79,,297,39
2017\8\6 9:54,31,,298,15
2017\8\6 9:56,28,,299,14
2017\8\6 9:58,35,,300,17
2017\8\6 10:00,36,,301,18
2017\8\6 10:02,58,,302,29
2017\8\6 10:04,30,,303,15
2017\8\6 10:06,29,,304,14
2017\8\6 10:08,39,,305,19
2017\8\6 10:10,48,,306,24
2017\8\6 10:12,37,,307,18
2017\8\6 10:14,78,,308,39
2017\8\6 10:16,58,,309,29
2017\8\6 10:18,23,,310,11
2017\8\6 10:20,29,,311,14
2017\8\6 10:22,70,,312,35
2017\8\6 10:24,37,,313,18
2017\8\6 10:26,60,,314,30
2017\8\6 10:28,32,,315,16
2017\8\6 10:30,28,,316,14
2017\8\6 10:32,63,,317,31
2017\8\6 10:34,48,,318,24
2017\8\6 10:36,40,,319,20
2017\8\6 10:38,30,,320,15
2017\8\6 10:40,45,,321,22
2017\8\6 10:42,43,,322,21
2017\8\6 10:44,35,,323,17
2017\8\6 10:46,60,,324,30
2017\8\6 10:48,44,,325,22
2017\8\6 10:50,56,,326,28
2017\8\6 10:52,36,,327,18
2017\8\6 10:54,40,,328,20
2017\8\6 10:56,63,,329,31
2017\8\6 10:58,68,,330,34
2017\8\6 11:00,52,,331,26
2017\8\6 11:02,39,,332,19
2017\8\6 11:04,47,,333,23
2017\8\6 11:06,38,,334,19
2017\8\6 11:08,36,,335,18
2017\8\6 11:10,43,,336,21
2017\8\6 11:12,33,,337,16
2017\8\6 11:14,42,,338,21
2017\8\6 11:16,43,,339,21
2017\8\6 11:18,34,,340,17
2017\8\6 11:20,26,,341,13
2017\8\6 11:22,40,,342,20
2017\8\6 11:24,39,,343,19
2017\8\6 11:26,35,,344,17
2017\8\6 11:28,42,,345,21
2017\8\6 11:30,31,,346,15
2017\8\6 11:32,36,,347,18
2017\8\6 11:34,56,,348,28
2017\8\6 11:36,38,,349,19
2017\8\6 11:38,38,,350,19
2017\8\6 11:40,89,,351,44
2017\8\6 11:42,43,,352,21
2017\8\6 11:44,29,,353,14
2017\8\6 11:46,37,,354,18
2017\8\6 11:48,59,,355,29
2017\8\6 11:50,31,,356,15
2017\8\6 11:52,31,,357,15
2017\8\6 11:54,42,,358,21
2017\8\6 11:56,31,,359,15
2017\8\6 11:58,33,,360,16
2017\8\6 12:00,48,,361,24
2017\8\6 12:02,58,,362,29
2017\8\6 12:04,38,,363,19
2017\8\6 12:06,67,,364,33
2017\8\6 12:08,64,,365,32
2017\8\6 12:10,38,,366,19
2017\8\6 12:12,29,,367,14
2017\8\6 12:14,30,,368,15
2017\8\6 12:16,50,,369,25
2017\8\6 12:18,27,,370,13
2017\8\6 12:20,46,,371,23
2017\8\6 12:22,47,,372,23
2017\8\6 12:24,30,,373,15
2017\8\6 12:26,43,,374,21
2017\8\6 12:28,36,,375,18
2017\8\6 12:30,40,,376,20
2017\8\6 12:32,45,,377,22
2017\8\6 12:34,22,,378,11
2017\8\6 12:36,23,,379,11
2017\8\6 12:38,42,,380,21
2017\8\6 12:40,37,,381,18
2017\8\6 12:42,41,,382,20
2017\8\6 12:44,72,,383,36
2017\8\6 12:46,61,,384,30
2017\8\6 12:48,31,,385,15
2017\8\6 12:50,32,,386,16
2017\8\6 12:52,48,,387,24
2017\8\6 12:54,34,,388,17
2017\8\6 12:56,50,,389,25
2017\8\6 12:58,45,,390,22
2017\8\6 13:00,32,,391,16
2017\8\6 13:02,56,,392,28
2017\8\6 13:04,58,,393,29
2017\8\6 13:06,60,,394,30
2017\8\6 13:08,56,,395,28
2017\8\6 13:10,37,,396,18
2017\8\6 13:12,66,,397,33
2017\8\6 13:14,32,,398,16
2017\8\6 13:16,35,,399,17
2017\8\6 13:18,29,,400,14
2017\8\6 13:20,34,,401,17
2017\8\6 13:22,32,,402,16
2017\8\6 13:24,39,,403,19
2017\8\6 13:26,46,,404,23
2017\8\6 13:28,51,,405,25
2017\8\6 13:30,66,,406,33
2017\8\6 13:32,61,,407,30
2017\8\6 13:34,54,,408,27
2017\8\6 13:36,36,,409,18
2017\8\6 13:38,40,,410,20
2017\8\6 13:40,55,,411,27
2017\8\6 13:42,46,,412,23
2017\8\6 13:44,66,,413,33
2017\8\6 13:46,53,,414,26
2017\8\6 13:48,41,,415,20
2017\8\6 13:50,50,,416,25
2017\8\6 13:52,23,,417,11
2017\8\6 13:54,40,,418,20
2017\8\6 13:56,50,,419,25
2017\8\6 13:58,44,,420,22
2017\8\6 14:00,32,,421,16
2017\8\6 14:02,43,,422,21
2017\8\6 14:04,34,,423,17
2017\8\6 14:06,60,,424,30
2017\8\6 14:08,42,,425,21
2017\8\6 14:10,36,,426,18
2017\8\6 14:12,28,,427,14
2017\8\6 14:14,54,,428,27
2017\8\6 14:16,47,,429,23
2017\8\6 14:18,58,,430,29
2017\8\6 14:20,46,,431,23
2017\8\6 14:22,62,,432,31
2017\8\6 14:24,53,,433,26
2017\8\6 14:26,46,,434,23
2017\8\6 14:28,61,,435,30
2017\8\6 14:30,67,,436,33
2017\8\6 14:32,36,,437,18
2017\8\6 14:34,36,,438,18
2017\8\6 14:36,32,,439,16
2017\8\6 14:38,59,,440,29
2017\8\6 14:40,51,,441,25
2017\8\6 14:42,51,,442,25
2017\8\6 14:44,70,,443,35
2017\8\6 14:46,41,,444,20
2017\8\6 14:48,67,,445,33
2017\8\6 14:50,52,,446,26
2017\8\6 14:52,68,,447,34
2017\8\6 14:54,44,,448,22
2017\8\6 14:56,62,,449,31
2017\8\6 14:58,51,,450,25
2017\8\6 15:00,46,,451,23
2017\8\6 15:02,42,,452,21
2017\8\6 15:04,54,,453,27
2017\8\6 15:06,36,,454,18
2017\8\6 15:08,33,,455,16
2017\8\6 15:10,33,,456,16
2017\8\6 15:12,23,,457,11
2017\8\6 15:14,59,,458,29
2017\8\6 15:16,40,,459,20
2017\8\6 15:18,45,,460,22
2017\8\6 15:20,39,,461,19
2017\8\6 15:22,52,,462,26
2017\8\6 15:24,58,,463,29
2017\8\6 15:26,45,,464,22
2017\8\6 15:28,45,,465,22
2017\8\6 15:30,34,,466,17
2017\8\6 15:32,51,,467,25
2017\8\6 15:34,36,,468,18
2017\8\6 15:36,33,,469,16
2017\8\6 15:38,51,,470,25
2017\8\6 15:40,31,,471,15
2017\8\6 15:42,82,,472,41
2017\8\6 15:44,41,,473,20
2017\8\6 15:46,48,,474,24
2017\8\6 15:48,31,,475,15
2017\8\6 15:50,46,,476,23
2017\8\6 15:52,60,,477,30
2017\8\6 15:54,44,,478,22
2017\8\6 15:56,64,,479,32
2017\8\6 15:58,71,,480,35
2017\8\6 16:00,37,,481,18
2017\8\6 16:02,34,,482,17
2017\8\6 16:04,51,,483,25
2017\8\6 16:06,58,,484,29
2017\8\6 16:08,41,,485,20
2017\8\6 16:10,49,,486,24
2017\8\6 16:12,58,,487,29
2017\8\6 16:14,44,,488,22
2017\8\6 16:16,45,,489,22
2017\8\6 16:18,42,,490,21
2017\8\6 16:20,73,,491,36
2017\8\6 16:22,50,,492,25
2017\8\6 16:24,76,,493,38
2017\8\6 16:26,68,,494,34
2017\8\6 16:28,61,,495,30
2017\8\6 16:30,62,,496,31
2017\8\6 16:32,63,,497,31
2017\8\6 16:34,38,,498,19
2017\8\6 16:36,73,,499,36
2017\8\6 16:38,56,,500,28
2017\8\6 16:40,90,,501,45
2017\8\6 16:42,48,,502,24
2017\8\6 16:44,64,,503,32
2017\8\6 16:46,77,,504,38
2017\8\6 16:48,49,,505,24
2017\8\6 16:50,79,,506,39
2017\8\6 16:52,65,,507,32
2017\8\6 16:54,81,,508,40
2017\8\6 16:56,91,,509,45
2017\8\6 16:58,67,,510,33
2017\8\6 17:00,79,,511,39
2017\8\6 17:02,53,,512,26
2017\8\6 17:04,56,,513,28
2017\8\6 17:06,48,,514,24
2017\8\6 17:08,48,,515,24
2017\8\6 17:10,63,,516,31
2017\8\6 17:12,76,,517,38
2017\8\6 17:14,52,,518,26
2017\8\6 17:16,57,,519,28
2017\8\6 17:18,55,,520,27
2017\8\6 17:20,77,,521,38
2017\8\6 17:22,73,,522,36
2017\8\6 17:24,35,,523,17
2017\8\6 17:26,45,,524,22
2017\8\6 17:28,77,,525,38
2017\8\6 17:30,65,,526,32
2017\8\6 17:32,43,,527,21
2017\8\6 17:34,76,,528,38
2017\8\6 17:36,29,,529,14
2017\8\6 17:38,65,,530,32
2017\8\6 17:40,50,,531,25
2017\8\6 17:42,62,,532,31
2017\8\6 17:44,57,,533,28
2017\8\6 17:46,72,,534,36
2017\8\6 17:48,35,,535,17
2017\8\6 17:50,96,,536,48
2017\8\6 17:52,74,,537,37
2017\8\6 17:54,69,,538,34
2017\8\6 17:56,67,,539,33
2017\8\6 17:58,61,,540,30
2017\8\6 18:00,53,,541,26
2017\8\6 18:02,58,,542,29
2017\8\6 18:04,61,,543,30
2017\8\6 18:06,97,,544,48
2017\8\6 18:08,68,,545,34
2017\8\6 18:10,76,,546,38
2017\8\6 18:12,83,,547,41
2017\8\6 18:14,58,,548,29
2017\8\6 18:16,103,,549,51
2017\8\6 18:18,54,,550,27
2017\8\6 18:20,86,,551,43
2017\8\6 18:22,65,,552,32
2017\8\6 18:24,53,,553,26
2017\8\6 18:26,57,,554,28
2017\8\6 18:28,55,,555,27
2017\8\6 18:30,33,,556,16
2017\8\6 18:32,66,,557,33
2017\8\6 18:34,61,,558,30
2017\8\6 18:36,60,,559,30
2017\8\6 18:38,74,,560,37
2017\8\6 18:40,83,,561,41
2017\8\6 18:42,69,,562,34
2017\8\6 18:44,50,,563,25
2017\8\6 18:46,86,,564,43
2017\8\6 18:48,56,,565,28
2017\8\6 18:50,69,,566,34
2017\8\6 18:52,66,,567,33
2017\8\6 18:54,26,,568,13
2017\8\6 18:56,67,,569,33
2017\8\6 18:58,45,,570,22
2017\8\6 19:00,44,,571,22
2017\8\6 19:02,40,,572,20
2017\8\6 19:04,56,,573,28
2017\8\6 19:06,69,,574,34
2017\8\6 19:08,66,,575,33
2017\8\6 19:10,51,,576,25
2017\8\6 19:12,54,,577,27
2017\8\6 19:14,49,,578,24
2017\8\6 19:16,63,,579,31
2017\8\6 19:18,36,,580,18
2017\8\6 19:20,85,,581,42
2017\8\6 19:22,60,,582,30
2017\8\6 19:24,59,,583,29
2017\8\6 19:26,52,,584,26
2017\8\6 19:28,51,,585,25
2017\8\6 19:30,52,,586,26
2017\8\6 19:32,35,,587,17
2017\8\6 19:34,68,,588,34
2017\8\6 19:36,47,,589,23
2017\8\6 19:38,67,,590,33
2017\8\6 19:40,29,,591,14
2017\8\6 19:42,35,,592,17
2017\8\6 19:44,53,,593,26
2017\8\6 19:46,52,,594,26
2017\8\6 19:48,64,,595,32
2017\8\6 19:50,54,,596,27
2017\8\6 19:52,53,,597,26
2017\8\6 19:54,31,,598,15
2017\8\6 19:56,63,,599,31
2017\8\6 19:58,50,,600,25
2017\8\6 20:00,61,,601,30
2017\8\6 20:02,30,,602,15
2017\8\6 20:04,61,,603,30
2017\8\6 20:06,30,,604,15
2017\8\6 20:08,68,,605,34
2017\8\6 20:10,53,,606,26
2017\8\6 20:12,73,,607,36
2017\8\6 20:14,46,,608,23
2017\8\6 20:16,73,,609,36
2017\8\6 20:18,53,,610,26
2017\8\6 20:20,49,,611,24
2017\8\6 20:22,55,,612,27
2017\8\6 20:24,67,,613,33
2017\8\6 20:26,35,,614,17
2017\8\6 20:28,51,,615,25
2017\8\6 20:30,19,,616,9
2017\8\6 20:32,23,,617,11
2017\8\6 20:34,30,,618,15
2017\8\6 20:36,55,,619,27
2017\8\6 20:38,59,,620,29
2017\8\6 20:40,52,,621,26
2017\8\6 20:42,49,,622,24
2017\8\6 20:44,47,,623,23
2017\8\6 20:46,25,,624,12
2017\8\6 20:48,53,,625,26
2017\8\6 20:50,39,,626,19
2017\8\6 20:52,60,,627,30
2017\8\6 20:54,52,,628,26
2017\8\6 20:56,34,,629,17
2017\8\6 20:58,70,,630,35
2017\8\6 21:00,70,,631,35
2017\8\6 21:02,62,,632,31
2017\8\6 21:04,37,,633,18
2017\8\6 21:06,38,,634,19
2017\8\6 21:08,61,,635,30
2017\8\6 21:10,47,,636,23
2017\8\6 21:12,28,,637,14
2017\8\6 21:14,39,,638,19
2017\8\6 21:16,55,,639,27
2017\8\6 21:18,45,,640,22
2017\8\6 21:20,41,,641,20
2017\8\6 21:22,27,,642,13
2017\8\6 21:24,32,,643,16
2017\8\6 21:26,44,,644,22
2017\8\6 21:28,33,,645,16
2017\8\6 21:30,42,,646,21
2017\8\6 21:32,23,,647,11
2017\8\6 21:34,38,,648,19
2017\8\6 21:36,39,,649,19
2017\8\6 21:38,56,,650,28
2017\8\6 21:40,27,,651,13
2017\8\6 21:42,35,,652,17
2017\8\6 21:44,86,,653,43
2017\8\6 21:46,21,,654,10
2017\8\6 21:48,30,,655,15
2017\8\6 21:50,38,,656,19
2017\8\6 21:52,20,,657,10
2017\8\6 21:54,48,,658,24
2017\8\6 21:56,21,,659,10
2017\8\6 21:58,43,,660,21
2017\8\6 22:00,20,,661,10
2017\8\6 22:02,18,,662,9
2017\8\6 22:04,44,,663,22
2017\8\6 22:06,26,,664,13
2017\8\6 22:08,51,,665,25
2017\8\6 22:10,25,,666,12
2017\8\6 22:12,28,,667,14
2017\8\6 22:14,51,,668,25
2017\8\6 22:16,18,,669,9
2017\8\6 22:18,25,,670,12
2017\8\6 22:20,23,,671,11
2017\8\6 22:22,17,,672,8
2017\8\6 22:24,31,,673,15
2017\8\6 22:26,21,,674,10
2017\8\6 22:28,28,,675,14
2017\8\6 22:30,20,,676,10
2017\8\6 22:32,19,,677,9
2017\8\6 22:34,26,,678,13
2017\8\6 22:36,40,,679,20
2017\8\6 22:38,11,,680,5
2017\8\6 22:40,15,,681,7
2017\8\6 22:42,50,,682,25
2017\8\6 22:44,13,,683,6
2017\8\6 22:46,17,,684,8
2017\8\6 22:48,14,,685,7
2017\8\6 22:50,4,,686,2
2017\8\6 22:52,12,,687,6
2017\8\6 22:54,13,,688,6
2017\8\6 22:56,14,,689,7
2017\8\6 22:58,20,,690,10
2017\8\6 23:00,17,,691,8
2017\8\6 23:02,5,,692,2
2017\8\6 23:04,19,,693,9
2017\8\6 23:06,15,,694,7
2017\8\6 23:08,27,,695,13
2017\8\6 23:10,15,,696,7
2017\8\6 23:12,1,,697,0
2017\8\6 23:14,1,,698,0
2017\8\6 23:16,16,,699,8
2017\8\6 23:18,1,,700,0
2017\8\6 23:20,0,,701,0
2017\8\6 23:22,0,,702,0
2017\8\6 23:24,7,,703,3
2017\8\6 23:26,3,,704,1
2017\8\6 23:28,3,,705,1
2017\8\6 23:30,0,,706,0
2017\8\6 23:32,4,,707,2
2017\8\6 23:34,4,,708,2
2017\8\6 23:36,1,,709,0
2017\8\6 23:38,2,,710,1
2017\8\6 23:40,7,,711,3
2017\8\6 23:42,2,,712,1
2017\8\6 23:44,0,,713,0
2017\8\6 23:46,0,,714,0
2017\8\6 23:48,0,,715,0
2017\8\6 23:50,0,,716,0
2017\8\6 23:52,0,,717,0
2017\8\6 23:54,0,,718,0
2017\8\6 23:56,0,,719,0
2017\8\6 23:58,0,,720,0
2017\8\7 0:00,0,,721,0
2017\8\7 0:02,0,,722,0
2017\8\7 0:04,0,,723,0
2017\8\7 0:06,0,,724,0
2017\8\7 0:08,0,,725,0
2017\8\7 0:10,0,,726,0
2017\8\7 0:12,0,,727,0
2017\8\7 0:14,0,,728,0
2017\8\7 0:16,0,,729,0
2017\8\7 0:18,0,,730,0
2017\8\7 0:20,0,,731,0
2017\8\7 0:22,0,,732,0
2017\8\7 0:24,0,,733,0
2017\8\7 0:26,0,,734,0
2017\8\7 0:28,0,,735,0
2017\8\7 0:30,0,,736,0
2017\8\7 0:32,0,,737,0
2017\8\7 0:34,0,,738,0
2017\8\7 0:36,0,,739,0
2017\8\7 0:38,0,,740,0
2017\8\7 0:40,0,,741,0
2017\8\7 0:42,0,,742,0
2017\8\7 0:44,0,,743,0
2017\8\7 0:46,0,,744,0
2017\8\7 0:48,0,,745,0
2017\8\7 0:50,0,,746,0
2017\8\7 0:52,0,,747,0
2017\8\7 0:54,0,,748,0
2017\8\7 0:56,0,,749,0
2017\8\7 0:58,0,,750,0
2017\8\7 1:00,0,,751,0
2017\8\7 1:02,0,,752,0
2017\8\7 1:04,0,,753,0
2017\8\7 1:06,0,,754,0
2017\8\7 1:08,0,,755,0
2017\8\7 1:10,0,,756,0
2017\8\7 1:12,0,,757,0
2017\8\7 1:14,0,,758,0
2017\8\7 1:16,0,,759,0
2017\8\7 1:18,0,,760,0
2017\8\7 1:20,0,,761,0
2017\8\7 1:22,0,,762,0
2017\8\7 1:24,0,,763,0
2017\8\7 1:26,0,,764,0
2017\8\7 1:28,0,,765,0
2017\8\7 1:30,0,,766,0
2017\8\7 1:32,0,,767,0
2017\8\7 1:34,0,,768,0
2017\8\7 1:36,0,,769,0
2017\8\7 1:38,0,,770,0
2017\8\7 1:40,0,,771,0
2017\8\7 1:42,0,,772,0
2017\8\7 1:44,0,,773,0
2017\8\7 1:46,0,,774,0
2017\8\7 1:48,0,,775,0
2017\8\7 1:50,0,,776,0
2017\8\7 1:52,0,,777,0
2017\8\7 1:54,0,,778,0
2017\8\7 1:56,0,,779,0
2017\8\7 1:58,0,,780,0
2017\8\7 2:00,0,,781,0
2017\8\7 2:02,0,,782,0
2017\8\7 2:04,0,,783,0
2017\8\7 2:06,0,,784,0
2017\8\7 2:08,0,,785,0
2017\8\7 2:10,0,,786,0
2017\8\7 2:12,0,,787,0
2017\8\7 2:14,0,,788,0
2017\8\7 2:16,0,,789,0
2017\8\7 2:18,0,,790,0
2017\8\7 2:20,0,,791,0
2017\8\7 2:22,0,,792,0
2017\8\7 2:24,0,,793,0
2017\8\7 2:26,0,,794,0
2017\8\7 2:28,0,,795,0
2017\8\7 2:30,0,,796,0
2017\8\7 2:32,0,,797,0
2017\8\7 2:34,0,,798,0
2017\8\7 2:36,0,,799,0
2017\8\7 2:38,0,,800,0
2017\8\7 2:40,0,,801,0
2017\8\7 2:42,0,,802,0
2017\8\7 2:44,0,,803,0
2017\8\7 2:46,0,,804,0
2017\8\7 2:48,0,,805,0
2017\8\7 2:50,0,,806,0
2017\8\7 2:52,0,,807,0
2017\8\7 2:54,0,,808,0
2017\8\7 2:56,0,,809,0
2017\8\7 2:58,0,,810,0
2017\8\7 3:00,0,,811,0
2017\8\7 3:02,0,,812,0
2017\8\7 3:04,0,,813,0
2017\8\7 3:06,0,,814,0
2017\8\7 3:08,0,,815,0
2017\8\7 3:10,0,,816,0
2017\8\7 3:12,0,,817,0
2017\8\7 3:14,0,,818,0
2017\8\7 3:16,0,,819,0
2017\8\7 3:18,0,,820,0
2017\8\7 3:20,0,,821,0
2017\8\7 3:22,0,,822,0
2017\8\7 3:24,0,,823,0
2017\8\7 3:26,0,,824,0
2017\8\7 3:28,0,,825,0
2017\8\7 3:30,0,,826,0
2017\8\7 3:32,0,,827,0
2017\8\7 3:34,0,,828,0
2017\8\7 3:36,0,,829,0
2017\8\7 3:38,0,,830,0
2017\8\7 3:40,0,,831,0
2017\8\7 3:42,0,,832,0
2017\8\7 3:44,0,,833,0
2017\8\7 3:46,0,,834,0
2017\8\7 3:48,0,,835,0
2017\8\7 3:50,0,,836,0
2017\8\7 3:52,0,,837,0
2017\8\7 3:54,0,,838,0
2017\8\7 3:56,0,,839,0
2017\8\7 3:58,0,,840,0
2017\8\7 4:00,0,,841,0
2017\8\7 4:02,0,,842,0
2017\8\7 4:04,0,,843,0
2017\8\7 4:06,0,,844,0
2017\8\7 4:08,0,,845,0
2017\8\7 4:10,0,,846,0
2017\8\7 4:12,0,,847,0
2017\8\7 4:14,0,,848,0
2017\8\7 4:16,0,,849,0
2017\8\7 4:18,0,,850,0
2017\8\7 4:20,0,,851,0
2017\8\7 4:22,0,,852,0
2017\8\7 4:24,0,,853,0
2017\8\7 4:26,0,,854,0
2017\8\7 4:28,0,,855,0
2017\8\7 4:30,0,,856,0
2017\8\7 4:32,0,,857,0
2017\8\7 4:34,0,,858,0
2017\8\7 4:36,0,,859,0
2017\8\7 4:38,0,,860,0
2017\8\7 4:40,0,,861,0
2017\8\7 4:42,0,,862,0
2017\8\7 4:44,0,,863,0
2017\8\7 4:46,0,,864,0
2017\8\7 4:48,0,,865,0
2017\8\7 4:50,0,,866,0
2017\8\7 4:52,0,,867,0
2017\8\7 4:54,0,,868,0
2017\8\7 4:56,0,,869,0
2017\8\7 4:58,0,,870,0
2017\8\7 5:00,0,,871,0
2017\8\7 5:02,1,,872,0
2017\8\7 5:04,3,,873,1
2017\8\7 5:06,0,,874,0
2017\8\7 5:08,0,,875,0
2017\8\7 5:10,0,,876,0
2017\8\7 5:12,1,,877,0
2017\8\7 5:14,2,,878,1
2017\8\7 5:16,0,,879,0
2017\8\7 5:18,0,,880,0
2017\8\7 5:20,1,,881,0
2017\8\7 5:22,0,,882,0
2017\8\7 5:24,10,,883,5
2017\8\7 5:26,1,,884,0
2017\8\7 5:28,0,,885,0
2017\8\7 5:30,2,,886,1
2017\8\7 5:32,2,,887,1
2017\8\7 5:34,6,,888,3
2017\8\7 5:36,1,,889,0
2017\8\7 5:38,21,,890,10
2017\8\7 5:40,5,,891,2
2017\8\7 5:42,9,,892,4
2017\8\7 5:44,12,,893,6
2017\8\7 5:46,8,,894,4
2017\8\7 5:48,6,,895,3
2017\8\7 5:50,2,,896,1
2017\8\7 5:52,8,,897,4
2017\8\7 5:54,8,,898,4
2017\8\7 5:56,16,,899,8
2017\8\7 5:58,5,,900,2
2017\8\7 6:00,7,,901,3
2017\8\7 6:02,7,,902,3
2017\8\7 6:04,4,,903,2
2017\8\7 6:06,5,,904,2
2017\8\7 6:08,7,,905,3
2017\8\7 6:10,7,,906,3
2017\8\7 6:12,12,,907,6
2017\8\7 6:14,22,,908,11
2017\8\7 6:16,21,,909,10
2017\8\7 6:18,3,,910,1
2017\8\7 6:20,20,,911,10
2017\8\7 6:22,10,,912,5
2017\8\7 6:24,8,,913,4
2017\8\7 6:26,16,,914,8
2017\8\7 6:28,19,,915,9
2017\8\7 6:30,28,,916,14
2017\8\7 6:32,15,,917,7
2017\8\7 6:34,5,,918,2
2017\8\7 6:36,40,,919,20
2017\8\7 6:38,23,,920,11
2017\8\7 6:40,23,,921,11
2017\8\7 6:42,11,,922,5
2017\8\7 6:44,44,,923,22
2017\8\7 6:46,36,,924,18
2017\8\7 6:48,22,,925,11
2017\8\7 6:50,31,,926,15
2017\8\7 6:52,28,,927,14
2017\8\7 6:54,20,,928,10
2017\8\7 6:56,40,,929,20
2017\8\7 6:58,23,,930,11
2017\8\7 7:00,42,,931,21
2017\8\7 7:02,51,,932,25
2017\8\7 7:04,48,,933,24
2017\8\7 7:06,48,,934,24
2017\8\7 7:08,34,,935,17
2017\8\7 7:10,42,,936,21
2017\8\7 7:12,43,,937,21
2017\8\7 7:14,58,,938,29
2017\8\7 7:16,40,,939,20
2017\8\7 7:18,50,,940,25
2017\8\7 7:20,48,,941,24
2017\8\7 7:22,57,,942,28
2017\8\7 7:24,71,,943,35
2017\8\7 7:26,90,,944,45
2017\8\7 7:28,76,,945,38
2017\8\7 7:30,89,,946,44
2017\8\7 7:32,69,,947,34
2017\8\7 7:34,70,,948,35
2017\8\7 7:36,109,,949,54
2017\8\7 7:38,132,,950,66
2017\8\7 7:40,126,,951,63
2017\8\7 7:42,173,,952,86
2017\8\7 7:44,141,,953,70
2017\8\7 7:46,169,,954,84
2017\8\7 7:48,137,,955,68
2017\8\7 7:50,142,,956,71
2017\8\7 7:52,138,,957,69
2017\8\7 7:54,158,,958,79
2017\8\7 7:56,194,,959,97
2017\8\7 7:58,199,,960,99
2017\8\7 8:00,185,,961,92
2017\8\7 8:02,225,,962,112
2017\8\7 8:04,257,,963,128
2017\8\7 8:06,189,,964,94
2017\8\7 8:08,303,,965,151
2017\8\7 8:10,329,,966,164
2017\8\7 8:12,268,,967,134
2017\8\7 8:14,377,,968,188
2017\8\7 8:16,328,,969,164
2017\8\7 8:18,365,,970,182
2017\8\7 8:20,420,,971,210
2017\8\7 8:22,357,,972,178
2017\8\7 8:24,407,,973,203
2017\8\7 8:26,337,,974,168
2017\8\7 8:28,466,,975,233
2017\8\7 8:30,419,,976,209
2017\8\7 8:32,301,,977,150
2017\8\7 8:34,563,,978,281
2017\8\7 8:36,368,,979,184
2017\8\7 8:38,510,,980,255
2017\8\7 8:40,511,,981,255
2017\8\7 8:42,338,,982,169
2017\8\7 8:44,619,,983,309
2017\8\7 8:46,481,,984,240
2017\8\7 8:48,431,,985,215
2017\8\7 8:50,514,,986,257
2017\8\7 8:52,458,,987,229
2017\8\7 8:54,307,,988,153
2017\8\7 8:56,251,,989,125
2017\8\7 8:58,394,,990,197
2017\8\7 9:00,294,,991,147
2017\8\7 9:02,233,,992,116
2017\8\7 9:04,291,,993,145
2017\8\7 9:06,280,,994,140
2017\8\7 9:08,266,,995,133
2017\8\7 9:10,329,,996,164
2017\8\7 9:12,316,,997,158
2017\8\7 9:14,247,,998,123
2017\8\7 9:16,308,,999,154
2017\8\7 9:18,240,,1000,120
2017\8\7 9:20,198,,1001,99
2017\8\7 9:22,269,,1002,134
2017\8\7 9:24,224,,1003,112
2017\8\7 9:26,228,,1004,114
2017\8\7 9:28,243,,1005,121
2017\8\7 9:30,230,,1006,115
2017\8\7 9:32,233,,1007,116
2017\8\7 9:34,174,,1008,87
2017\8\7 9:36,153,,1009,76
2017\8\7 9:38,183,,1010,91
2017\8\7 9:40,90,,1011,45
2017\8\7 9:42,254,,1012,127
2017\8\7 9:44,299,,1013,149
2017\8\7 9:46,141,,1014,70
2017\8\7 9:48,218,,1015,109
2017\8\7 9:50,232,,1016,116
2017\8\7 9:52,100,,1017,50
2017\8\7 9:54,210,,1018,105
2017\8\7 9:56,169,,1019,84
2017\8\7 9:58,135,,1020,67
2017\8\7 10:00,177,,1021,88
2017\8\7 10:02,161,,1022,80
2017\8\7 10:04,78,,1023,39
2017\8\7 10:06,169,,1024,84
2017\8\7 10:08,113,,1025,56
2017\8\7 10:10,110,,1026,55
2017\8\7 10:12,130,,1027,65
2017\8\7 10:14,98,,1028,49
2017\8\7 10:16,111,,1029,55
2017\8\7 10:18,92,,1030,46
2017\8\7 10:20,113,,1031,56
2017\8\7 10:22,54,,1032,27
2017\8\7 10:24,100,,1033,50
2017\8\7 10:26,90,,1034,45
2017\8\7 10:28,106,,1035,53
2017\8\7 10:30,72,,1036,36
2017\8\7 10:32,98,,1037,49
2017\8\7 10:34,88,,1038,44
2017\8\7 10:36,126,,1039,63
2017\8\7 10:38,114,,1040,57
2017\8\7 10:40,73,,1041,36
2017\8\7 10:42,105,,1042,52
2017\8\7 10:44,88,,1043,44
2017\8\7 10:46,86,,1044,43
2017\8\7 10:48,89,,1045,44
2017\8\7 10:50,51,,1046,25
2017\8\7 10:52,104,,1047,52
2017\8\7 10:54,117,,1048,58
2017\8\7 10:56,103,,1049,51
2017\8\7 10:58,59,,1050,29
2017\8\7 11:00,58,,1051,29
2017\8\7 11:02,80,,1052,40
2017\8\7 11:04,77,,1053,38
2017\8\7 11:06,84,,1054,42
2017\8\7 11:08,73,,1055,36
2017\8\7 11:10,109,,1056,54
2017\8\7 11:12,80,,1057,40
2017\8\7 11:14,107,,1058,53
2017\8\7 11:16,89,,1059,44
2017\8\7 11:18,84,,1060,42
2017\8\7 11:20,82,,1061,41
2017\8\7 11:22,118,,1062,59
2017\8\7 11:24,91,,1063,45
2017\8\7 11:26,81,,1064,40
2017\8\7 11:28,70,,1065,35
2017\8\7 11:30,102,,1066,51
2017\8\7 11:32,75,,1067,37
2017\8\7 11:34,76,,1068,38
2017\8\7 11:36,113,,1069,56
2017\8\7 11:38,81,,1070,40
2017\8\7 11:40,85,,1071,42
2017\8\7 11:42,106,,1072,53
2017\8\7 11:44,82,,1073,41
2017\8\7 11:46,69,,1074,34
2017\8\7 11:48,80,,1075,40
2017\8\7 11:50,74,,1076,37
2017\8\7 11:52,38,,1077,19
2017\8\7 11:54,64,,1078,32
2017\8\7 11:56,62,,1079,31
2017\8\7 11:58,56,,1080,28
2017\8\7 12:00,80,,1081,40
2017\8\7 12:02,83,,1082,41
2017\8\7 12:04,65,,1083,32
2017\8\7 12:06,85,,1084,42
2017\8\7 12:08,93,,1085,46
2017\8\7 12:10,55,,1086,27
2017\8\7 12:12,70,,1087,35
2017\8\7 12:14,79,,1088,39
2017\8\7 12:16,78,,1089,39
2017\8\7 12:18,108,,1090,54
2017\8\7 12:20,76,,1091,38
2017\8\7 12:22,71,,1092,35
2017\8\7 12:24,99,,1093,49
2017\8\7 12:26,72,,1094,36
2017\8\7 12:28,64,,1095,32
2017\8\7 12:30,86,,1096,43
2017\8\7 12:32,62,,1097,31
2017\8\7 12:34,64,,1098,32
2017\8\7 12:36,92,,1099,46
2017\8\7 12:38,88,,1100,44
2017\8\7 12:40,83,,1101,41
2017\8\7 12:42,56,,1102,28
2017\8\7 12:44,89,,1103,44
2017\8\7 12:46,66,,1104,33
2017\8\7 12:48,80,,1105,40
2017\8\7 12:50,107,,1106,53
2017\8\7 12:52,68,,1107,34
2017\8\7 12:54,48,,1108,24
2017\8\7 12:56,119,,1109,59
2017\8\7 12:58,67,,1110,33
2017\8\7 13:00,92,,1111,46
2017\8\7 13:02,64,,1112,32
2017\8\7 13:04,124,,1113,62
2017\8\7 13:06,80,,1114,40
2017\8\7 13:08,108,,1115,54
2017\8\7 13:10,91,,1116,45
2017\8\7 13:12,79,,1117,39
2017\8\7 13:14,107,,1118,53
2017\8\7 13:16,75,,1119,37
2017\8\7 13:18,98,,1120,49
2017\8\7 13:20,83,,1121,41
2017\8\7 13:22,57,,1122,28
2017\8\7 13:24,109,,1123,54
2017\8\7 13:26,106,,1124,53
2017\8\7 13:28,89,,1125,44
2017\8\7 13:30,113,,1126,56
2017\8\7 13:32,70,,1127,35
2017\8\7 13:34,85,,1128,42
2017\8\7 13:36,146,,1129,73
2017\8\7 13:38,89,,1130,44
2017\8\7 13:40,83,,1131,41
2017\8\7 13:42,120,,1132,60
2017\8\7 13:44,85,,1133,42
2017\8\7 13:46,71,,1134,35
2017\8\7 13:48,109,,1135,54
2017\8\7 13:50,87,,1136,43
2017\8\7 13:52,90,,1137,45
2017\8\7 13:54,68,,1138,34
2017\8\7 13:56,54,,1139,27
2017\8\7 13:58,65,,1140,32
2017\8\7 14:00,44,,1141,22
2017\8\7 14:02,79,,1142,39
2017\8\7 14:04,102,,1143,51
2017\8\7 14:06,86,,1144,43
2017\8\7 14:08,57,,1145,28
2017\8\7 14:10,85,,1146,42
2017\8\7 14:12,82,,1147,41
2017\8\7 14:14,87,,1148,43
2017\8\7 14:16,107,,1149,53
2017\8\7 14:18,53,,1150,26
2017\8\7 14:20,86,,1151,43
2017\8\7 14:22,87,,1152,43
2017\8\7 14:24,132,,1153,66
2017\8\7 14:26,56,,1154,28
2017\8\7 14:28,95,,1155,47
2017\8\7 14:30,69,,1156,34
2017\8\7 14:32,59,,1157,29
2017\8\7 14:34,74,,1158,37
2017\8\7 14:36,74,,1159,37
2017\8\7 14:38,76,,1160,38
2017\8\7 14:40,46,,1161,23
2017\8\7 14:42,77,,1162,38
2017\8\7 14:44,106,,1163,53
2017\8\7 14:46,80,,1164,40
2017\8\7 14:48,68,,1165,34
2017\8\7 14:50,81,,1166,40
2017\8\7 14:52,61,,1167,30
2017\8\7 14:54,58,,1168,29
2017\8\7 14:56,99,,1169,49
2017\8\7 14:58,61,,1170,30
2017\8\7 15:00,72,,1171,36
2017\8\7 15:02,60,,1172,30
2017\8\7 15:04,91,,1173,45
2017\8\7 15:06,100,,1174,50
2017\8\7 15:08,108,,1175,54
2017\8\7 15:10,103,,1176,51
2017\8\7 15:12,77,,1177,38
2017\8\7 15:14,89,,1178,44
2017\8\7 15:16,74,,1179,37
2017\8\7 15:18,86,,1180,43
2017\8\7 15:20,93,,1181,46
2017\8\7 15:22,87,,1182,43
2017\8\7 15:24,101,,1183,50
2017\8\7 15:26,108,,1184,54
2017\8\7 15:28,75,,1185,37
2017\8\7 15:30,63,,1186,31
2017\8\7 15:32,107,,1187,53
2017\8\7 15:34,79,,1188,39
2017\8\7 15:36,81,,1189,40
2017\8\7 15:38,73,,1190,36
2017\8\7 15:40,78,,1191,39
2017\8\7 15:42,83,,1192,41
2017\8\7 15:44,81,,1193,40
2017\8\7 15:46,80,,1194,40
2017\8\7 15:48,74,,1195,37
2017\8\7 15:50,82,,1196,41
2017\8\7 15:52,99,,1197,49
2017\8\7 15:54,81,,1198,40
2017\8\7 15:56,110,,1199,55
2017\8\7 15:58,104,,1200,52
2017\8\7 16:00,80,,1201,40
2017\8\7 16:02,52,,1202,26
2017\8\7 16:04,85,,1203,42
2017\8\7 16:06,78,,1204,39
2017\8\7 16:08,79,,1205,39
2017\8\7 16:10,108,,1206,54
2017\8\7 16:12,77,,1207,38
2017\8\7 16:14,68,,1208,34
2017\8\7 16:16,83,,1209,41
2017\8\7 16:18,86,,1210,43
2017\8\7 16:20,92,,1211,46
2017\8\7 16:22,60,,1212,30
2017\8\7 16:24,105,,1213,52
2017\8\7 16:26,73,,1214,36
2017\8\7 16:28,71,,1215,35
2017\8\7 16:30,100,,1216,50
2017\8\7 16:32,114,,1217,57
2017\8\7 16:34,128,,1218,64
2017\8\7 16:36,127,,1219,63
2017\8\7 16:38,93,,1220,46
2017\8\7 16:40,119,,1221,59
2017\8\7 16:42,84,,1222,42
2017\8\7 16:44,112,,1223,56
2017\8\7 16:46,81,,1224,40
2017\8\7 16:48,76,,1225,38
2017\8\7 16:50,111,,1226,55
2017\8\7 16:52,117,,1227,58
2017\8\7 16:54,100,,1228,50
2017\8\7 16:56,106,,1229,53
2017\8\7 16:58,103,,1230,51
2017\8\7 17:00,97,,1231,48
2017\8\7 17:02,97,,1232,48
2017\8\7 17:04,131,,1233,65
2017\8\7 17:06,126,,1234,63
2017\8\7 17:08,195,,1235,97
2017\8\7 17:10,200,,1236,100
2017\8\7 17:12,209,,1237,104
2017\8\7 17:14,195,,1238,97
2017\8\7 17:16,162,,1239,81
2017\8\7 17:18,194,,1240,97
2017\8\7 17:20,160,,1241,80
2017\8\7 17:22,162,,1242,81
2017\8\7 17:24,137,,1243,68
2017\8\7 17:26,175,,1244,87
2017\8\7 17:28,152,,1245,76
2017\8\7 17:30,114,,1246,57
2017\8\7 17:32,183,,1247,91
2017\8\7 17:34,224,,1248,112
2017\8\7 17:36,316,,1249,158
2017\8\7 17:38,320,,1250,160
2017\8\7 17:40,317,,1251,158
2017\8\7 17:42,342,,1252,171
2017\8\7 17:44,308,,1253,154
2017\8\7 17:46,303,,1254,151
2017\8\7 17:48,266,,1255,133
2017\8\7 17:50,267,,1256,133
2017\8\7 17:52,224,,1257,112
2017\8\7 17:54,214,,1258,107
2017\8\7 17:56,267,,1259,133
2017\8\7 17:58,190,,1260,95
2017\8\7 18:00,203,,1261,101
2017\8\7 18:02,213,,1262,106
2017\8\7 18:04,208,,1263,104
2017\8\7 18:06,293,,1264,146
2017\8\7 18:08,359,,1265,179
2017\8\7 18:10,426,,1266,213
2017\8\7 18:12,453,,1267,226
2017\8\7 18:14,511,,1268,255
2017\8\7 18:16,402,,1269,201
2017\8\7 18:18,451,,1270,225
2017\8\7 18:20,393,,1271,196
2017\8\7 18:22,326,,1272,163
2017\8\7 18:24,329,,1273,164
2017\8\7 18:26,292,,1274,146
2017\8\7 18:28,239,,1275,119
2017\8\7 18:30,287,,1276,143
2017\8\7 18:32,284,,1277,142
2017\8\7 18:34,255,,1278,127
2017\8\7 18:36,275,,1279,137
2017\8\7 18:38,272,,1280,136
2017\8\7 18:40,260,,1281,130
2017\8\7 18:42,253,,1282,126
2017\8\7 18:44,256,,1283,128
2017\8\7 18:46,282,,1284,141
2017\8\7 18:48,293,,1285,146
2017\8\7 18:50,253,,1286,126
2017\8\7 18:52,241,,1287,120
2017\8\7 18:54,227,,1288,113
2017\8\7 18:56,214,,1289,107
2017\8\7 18:58,210,,1290,105
2017\8\7 19:00,224,,1291,112
2017\8\7 19:02,216,,1292,108
2017\8\7 19:04,128,,1293,64
2017\8\7 19:06,218,,1294,109
2017\8\7 19:08,186,,1295,93
2017\8\7 19:10,191,,1296,95
2017\8\7 19:12,247,,1297,123
2017\8\7 19:14,258,,1298,129
2017\8\7 19:16,193,,1299,96
2017\8\7 19:18,199,,1300,99
2017\8\7 19:20,189,,1301,94
2017\8\7 19:22,179,,1302,89
2017\8\7 19:24,176,,1303,88
2017\8\7 19:26,190,,1304,95
2017\8\7 19:28,145,,1305,72
2017\8\7 19:30,148,,1306,74
2017\8\7 19:32,125,,1307,62
2017\8\7 19:34,177,,1308,88
2017\8\7 19:36,157,,1309,78
2017\8\7 19:38,129,,1310,64
2017\8\7 19:40,134,,1311,67
2017\8\7 19:42,114,,1312,57
2017\8\7 19:44,145,,1313,72
2017\8\7 19:46,128,,1314,64
2017\8\7 19:48,125,,1315,62
2017\8\7 19:50,104,,1316,52
2017\8\7 19:52,121,,1317,60
2017\8\7 19:54,149,,1318,74
2017\8\7 19:56,126,,1319,63
2017\8\7 19:58,105,,1320,52
2017\8\7 20:00,115,,1321,57
2017\8\7 20:02,98,,1322,49
2017\8\7 20:04,76,,1323,38
2017\8\7 20:06,67,,1324,33
2017\8\7 20:08,102,,1325,51
2017\8\7 20:10,105,,1326,52
2017\8\7 20:12,91,,1327,45
2017\8\7 20:14,80,,1328,40
2017\8\7 20:16,119,,1329,59
2017\8\7 20:18,121,,1330,60
2017\8\7 20:20,75,,1331,37
2017\8\7 20:22,66,,1332,33
2017\8\7 20:24,82,,1333,41
2017\8\7 20:26,76,,1334,38
2017\8\7 20:28,130,,1335,65
2017\8\7 20:30,76,,1336,38
2017\8\7 20:32,44,,1337,22
2017\8\7 20:34,92,,1338,46
2017\8\7 20:36,115,,1339,57
2017\8\7 20:38,92,,1340,46
2017\8\7 20:40,69,,1341,34
2017\8\7 20:42,78,,1342,39
2017\8\7 20:44,98,,1343,49
2017\8\7 20:46,41,,1344,20
2017\8\7 20:48,79,,1345,39
2017\8\7 20:50,78,,1346,39
2017\8\7 20:52,88,,1347,44
2017\8\7 20:54,80,,1348,40
2017\8\7 20:56,70,,1349,35
2017\8\7 20:58,62,,1350,31
2017\8\7 21:00,95,,1351,47
2017\8\7 21:02,90,,1352,45
2017\8\7 21:04,61,,1353,30
2017\8\7 21:06,88,,1354,44
2017\8\7 21:08,39,,1355,19
2017\8\7 21:10,65,,1356,32
2017\8\7 21:12,81,,1357,40
2017\8\7 21:14,103,,1358,51
2017\8\7 21:16,58,,1359,29
2017\8\7 21:18,70,,1360,35
2017\8\7 21:20,77,,1361,38
2017\8\7 21:22,96,,1362,48
2017\8\7 21:24,96,,1363,48
2017\8\7 21:26,44,,1364,22
2017\8\7 21:28,54,,1365,27
2017\8\7 21:30,79,,1366,39
2017\8\7 21:32,39,,1367,19
2017\8\7 21:34,57,,1368,28
2017\8\7 21:36,68,,1369,34
2017\8\7 21:38,41,,1370,20
2017\8\7 21:40,55,,1371,27
2017\8\7 21:42,49,,1372,24
2017\8\7 21:44,53,,1373,26
2017\8\7 21:46,52,,1374,26
2017\8\7 21:48,50,,1375,25
2017\8\7 21:50,40,,1376,20
2017\8\7 21:52,38,,1377,19
2017\8\7 21:54,41,,1378,20
2017\8\7 21:56,65,,1379,32
2017\8\7 21:58,17,,1380,8
2017\8\7 22:00,21,,1381,10
2017\8\7 22:02,71,,1382,35
2017\8\7 22:04,82,,1383,41
2017\8\7 22:06,48,,1384,24
2017\8\7 22:08,54,,1385,27
2017\8\7 22:10,48,,1386,24
2017\8\7 22:12,60,,1387,30
2017\8\7 22:14,66,,1388,33
2017\8\7 22:16,35,,1389,17
2017\8\7 22:18,42,,1390,21
2017\8\7 22:20,61,,1391,30
2017\8\7 22:22,28,,1392,14
2017\8\7 22:24,23,,1393,11
2017\8\7 22:26,42,,1394,21
2017\8\7 22:28,22,,1395,11
2017\8\7 22:30,8,,1396,4
2017\8\7 22:32,47,,1397,23
2017\8\7 22:34,10,,1398,5
2017\8\7 22:36,28,,1399,14
2017\8\7 22:38,32,,1400,16
2017\8\7 22:40,14,,1401,7
2017\8\7 22:42,10,,1402,5
2017\8\7 22:44,30,,1403,15
2017\8\7 22:46,33,,1404,16
2017\8\7 22:48,14,,1405,7
2017\8\7 22:50,23,,1406,11
2017\8\7 22:52,13,,1407,6
2017\8\7 22:54,11,,1408,5
2017\8\7 22:56,27,,1409,13
2017\8\7 22:58,16,,1410,8
2017\8\7 23:00,12,,1411,6
2017\8\7 23:02,10,,1412,5
2017\8\7 23:04,3,,1413,1
2017\8\7 23:06,1,,1414,0
2017\8\7 23:08,13,,1415,6
2017\8\7 23:10,15,,1416,7
2017\8\7 23:12,2,,1417,1
2017\8\7 23:14,4,,1418,2
2017\8\7 23:16,3,,1419,1
2017\8\7 23:18,1,,1420,0
2017\8\7 23:20,3,,1421,1
2017\8\7 23:22,0,,1422,0
2017\8\7 23:24,3,,1423,1
2017\8\7 23:26,10,,1424,5
2017\8\7 23:28,5,,1425,2
2017\8\7 23:30,0,,1426,0
2017\8\7 23:32,8,,1427,4
2017\8\7 23:34,1,,1428,0
2017\8\7 23:36,2,,1429,1
2017\8\7 23:38,0,,1430,0
2017\8\7 23:40,4,,1431,2
2017\8\7 23:42,8,,1432,4
2017\8\7 23:44,0,,1433,0
2017\8\7 23:46,0,,1434,0
2017\8\7 23:48,2,,1435,1
2017\8\7 23:50,0,,1436,0
2017\8\7 23:52,0,,1437,0
2017\8\7 23:54,3,,1438,1
2017\8\7 23:56,0,,1439,0
2017\8\7 23:58,0,,1440,0
2017\8\8 0:00,1,,1441,0
2017\8\8 0:02,0,,1442,0
2017\8\8 0:04,0,,1443,0
2017\8\8 0:06,0,,1444,0
2017\8\8 0:08,0,,1445,0
2017\8\8 0:10,0,,1446,0
2017\8\8 0:12,0,,1447,0
2017\8\8 0:14,0,,1448,0
2017\8\8 0:16,0,,1449,0
2017\8\8 0:18,0,,1450,0
2017\8\8 0:20,0,,1451,0
2017\8\8 0:22,0,,1452,0
2017\8\8 0:24,0,,1453,0
2017\8\8 0:26,0,,1454,0
2017\8\8 0:28,0,,1455,0
2017\8\8 0:30,0,,1456,0
2017\8\8 0:32,0,,1457,0
2017\8\8 0:34,0,,1458,0
2017\8\8 0:36,0,,1459,0
2017\8\8 0:38,0,,1460,0
2017\8\8 0:40,0,,1461,0
2017\8\8 0:42,0,,1462,0
2017\8\8 0:44,0,,1463,0
2017\8\8 0:46,0,,1464,0
2017\8\8 0:48,0,,1465,0
2017\8\8 0:50,0,,1466,0
2017\8\8 0:52,0,,1467,0
2017\8\8 0:54,0,,1468,0
2017\8\8 0:56,0,,1469,0
2017\8\8 0:58,0,,1470,0
2017\8\8 1:00,0,,1471,0
2017\8\8 1:02,0,,1472,0
2017\8\8 1:04,0,,1473,0
2017\8\8 1:06,0,,1474,0
2017\8\8 1:08,0,,1475,0
2017\8\8 1:10,0,,1476,0
2017\8\8 1:12,0,,1477,0
2017\8\8 1:14,0,,1478,0
2017\8\8 1:16,0,,1479,0
2017\8\8 1:18,0,,1480,0
2017\8\8 1:20,0,,1481,0
2017\8\8 1:22,0,,1482,0
2017\8\8 1:24,0,,1483,0
2017\8\8 1:26,0,,1484,0
2017\8\8 1:28,0,,1485,0
2017\8\8 1:30,0,,1486,0
2017\8\8 1:32,0,,1487,0
2017\8\8 1:34,0,,1488,0
2017\8\8 1:36,0,,1489,0
2017\8\8 1:38,0,,1490,0
2017\8\8 1:40,0,,1491,0
2017\8\8 1:42,0,,1492,0
2017\8\8 1:44,0,,1493,0
2017\8\8 1:46,0,,1494,0
2017\8\8 1:48,0,,1495,0
2017\8\8 1:50,0,,1496,0
2017\8\8 1:52,0,,1497,0
2017\8\8 1:54,0,,1498,0
2017\8\8 1:56,0,,1499,0
2017\8\8 1:58,0,,1500,0
2017\8\8 2:00,0,,1501,0
2017\8\8 2:02,0,,1502,0
2017\8\8 2:04,0,,1503,0
2017\8\8 2:06,0,,1504,0
2017\8\8 2:08,0,,1505,0
2017\8\8 2:10,0,,1506,0
2017\8\8 2:12,0,,1507,0
2017\8\8 2:14,0,,1508,0
2017\8\8 2:16,0,,1509,0
2017\8\8 2:18,0,,1510,0
2017\8\8 2:20,0,,1511,0
2017\8\8 2:22,0,,1512,0
2017\8\8 2:24,0,,1513,0
2017\8\8 2:26,0,,1514,0
2017\8\8 2:28,0,,1515,0
2017\8\8 2:30,0,,1516,0
2017\8\8 2:32,0,,1517,0
2017\8\8 2:34,0,,1518,0
2017\8\8 2:36,0,,1519,0
2017\8\8 2:38,0,,1520,0
2017\8\8 2:40,0,,1521,0
2017\8\8 2:42,0,,1522,0
2017\8\8 2:44,0,,1523,0
2017\8\8 2:46,0,,1524,0
2017\8\8 2:48,0,,1525,0
2017\8\8 2:50,0,,1526,0
2017\8\8 2:52,0,,1527,0
2017\8\8 2:54,0,,1528,0
2017\8\8 2:56,0,,1529,0
2017\8\8 2:58,0,,1530,0
2017\8\8 3:00,0,,1531,0
2017\8\8 3:02,0,,1532,0
2017\8\8 3:04,0,,1533,0
2017\8\8 3:06,0,,1534,0
2017\8\8 3:08,0,,1535,0
2017\8\8 3:10,0,,1536,0
2017\8\8 3:12,0,,1537,0
2017\8\8 3:14,0,,1538,0
2017\8\8 3:16,0,,1539,0
2017\8\8 3:18,0,,1540,0
2017\8\8 3:20,0,,1541,0
2017\8\8 3:22,0,,1542,0
2017\8\8 3:24,0,,1543,0
2017\8\8 3:26,0,,1544,0
2017\8\8 3:28,0,,1545,0
2017\8\8 3:30,0,,1546,0
2017\8\8 3:32,0,,1547,0
2017\8\8 3:34,0,,1548,0
2017\8\8 3:36,0,,1549,0
2017\8\8 3:38,0,,1550,0
2017\8\8 3:40,0,,1551,0
2017\8\8 3:42,0,,1552,0
2017\8\8 3:44,0,,1553,0
2017\8\8 3:46,0,,1554,0
2017\8\8 3:48,0,,1555,0
2017\8\8 3:50,0,,1556,0
2017\8\8 3:52,0,,1557,0
2017\8\8 3:54,0,,1558,0
2017\8\8 3:56,0,,1559,0
2017\8\8 3:58,0,,1560,0
2017\8\8 4:00,0,,1561,0
2017\8\8 4:02,0,,1562,0
2017\8\8 4:04,0,,1563,0
2017\8\8 4:06,0,,1564,0
2017\8\8 4:08,0,,1565,0
2017\8\8 4:10,0,,1566,0
2017\8\8 4:12,0,,1567,0
2017\8\8 4:14,0,,1568,0
2017\8\8 4:16,0,,1569,0
2017\8\8 4:18,0,,1570,0
2017\8\8 4:20,0,,1571,0
2017\8\8 4:22,0,,1572,0
2017\8\8 4:24,0,,1573,0
2017\8\8 4:26,0,,1574,0
2017\8\8 4:28,0,,1575,0
2017\8\8 4:30,0,,1576,0
2017\8\8 4:32,0,,1577,0
2017\8\8 4:34,0,,1578,0
2017\8\8 4:36,0,,1579,0
2017\8\8 4:38,0,,1580,0
2017\8\8 4:40,0,,1581,0
2017\8\8 4:42,0,,1582,0
2017\8\8 4:44,0,,1583,0
2017\8\8 4:46,0,,1584,0
2017\8\8 4:48,0,,1585,0
2017\8\8 4:50,0,,1586,0
2017\8\8 4:52,0,,1587,0
2017\8\8 4:54,0,,1588,0
2017\8\8 4:56,0,,1589,0
2017\8\8 4:58,0,,1590,0
2017\8\8 5:00,0,,1591,0
2017\8\8 5:02,0,,1592,0
2017\8\8 5:04,0,,1593,0
2017\8\8 5:06,0,,1594,0
2017\8\8 5:08,0,,1595,0
2017\8\8 5:10,0,,1596,0
2017\8\8 5:12,1,,1597,0
2017\8\8 5:14,0,,1598,0
2017\8\8 5:16,0,,1599,0
2017\8\8 5:18,4,,1600,2
2017\8\8 5:20,2,,1601,1
2017\8\8 5:22,2,,1602,1
2017\8\8 5:24,1,,1603,0
2017\8\8 5:26,3,,1604,1
2017\8\8 5:28,2,,1605,1
2017\8\8 5:30,1,,1606,0
2017\8\8 5:32,13,,1607,6
2017\8\8 5:34,12,,1608,6
2017\8\8 5:36,2,,1609,1
2017\8\8 5:38,1,,1610,0
2017\8\8 5:40,9,,1611,4
2017\8\8 5:42,1,,1612,0
2017\8\8 5:44,10,,1613,5
2017\8\8 5:46,3,,1614,1
2017\8\8 5:48,11,,1615,5
2017\8\8 5:50,10,,1616,5
2017\8\8 5:52,5,,1617,2
2017\8\8 5:54,5,,1618,2
2017\8\8 5:56,6,,1619,3
2017\8\8 5:58,16,,1620,8
2017\8\8 6:00,9,,1621,4
2017\8\8 6:02,22,,1622,11
2017\8\8 6:04,29,,1623,14
2017\8\8 6:06,13,,1624,6
2017\8\8 6:08,21,,1625,10
2017\8\8 6:10,9,,1626,4
2017\8\8 6:12,9,,1627,4
2017\8\8 6:14,7,,1628,3
2017\8\8 6:16,10,,1629,5
2017\8\8 6:18,16,,1630,8
2017\8\8 6:20,9,,1631,4
2017\8\8 6:22,9,,1632,4
2017\8\8 6:24,23,,1633,11
2017\8\8 6:26,24,,1634,12
2017\8\8 6:28,17,,1635,8
2017\8\8 6:30,12,,1636,6
2017\8\8 6:32,20,,1637,10
2017\8\8 6:34,19,,1638,9
2017\8\8 6:36,22,,1639,11
2017\8\8 6:38,15,,1640,7
2017\8\8 6:40,36,,1641,18
2017\8\8 6:42,28,,1642,14
2017\8\8 6:44,18,,1643,9
2017\8\8 6:46,40,,1644,20
2017\8\8 6:48,27,,1645,13
2017\8\8 6:50,25,,1646,12
2017\8\8 6:52,32,,1647,16
2017\8\8 6:54,18,,1648,9
2017\8\8 6:56,37,,1649,18
2017\8\8 6:58,43,,1650,21
2017\8\8 7:00,39,,1651,19
2017\8\8 7:02,36,,1652,18
2017\8\8 7:04,41,,1653,20
2017\8\8 7:06,40,,1654,20
2017\8\8 7:08,24,,1655,12
2017\8\8 7:10,46,,1656,23
2017\8\8 7:12,37,,1657,18
2017\8\8 7:14,67,,1658,33
2017\8\8 7:16,46,,1659,23
2017\8\8 7:18,46,,1660,23
2017\8\8 7:20,66,,1661,33
2017\8\8 7:22,84,,1662,42
2017\8\8 7:24,97,,1663,48
2017\8\8 7:26,95,,1664,47
2017\8\8 7:28,56,,1665,28
2017\8\8 7:30,81,,1666,40
2017\8\8 7:32,60,,1667,30
2017\8\8 7:34,125,,1668,62
2017\8\8 7:36,83,,1669,41
2017\8\8 7:38,134,,1670,67
2017\8\8 7:40,78,,1671,39
2017\8\8 7:42,156,,1672,78
2017\8\8 7:44,98,,1673,49
2017\8\8 7:46,191,,1674,95
2017\8\8 7:48,131,,1675,65
2017\8\8 7:50,187,,1676,93
2017\8\8 7:52,194,,1677,97
2017\8\8 7:54,196,,1678,98
2017\8\8 7:56,125,,1679,62
2017\8\8 7:58,235,,1680,117
2017\8\8 8:00,225,,1681,112
2017\8\8 8:02,231,,1682,115
2017\8\8 8:04,238,,1683,119
2017\8\8 8:06,186,,1684,93
2017\8\8 8:08,283,,1685,141
2017\8\8 8:10,271,,1686,135
2017\8\8 8:12,297,,1687,148
2017\8\8 8:14,331,,1688,165
2017\8\8 8:16,396,,1689,198
2017\8\8 8:18,397,,1690,198
2017\8\8 8:20,365,,1691,182
2017\8\8 8:22,386,,1692,193
2017\8\8 8:24,386,,1693,193
2017\8\8 8:26,348,,1694,174
2017\8\8 8:28,473,,1695,236
2017\8\8 8:30,385,,1696,192
2017\8\8 8:32,423,,1697,211
2017\8\8 8:34,424,,1698,212
2017\8\8 8:36,522,,1699,261
2017\8\8 8:38,389,,1700,194
2017\8\8 8:40,476,,1701,238
2017\8\8 8:42,398,,1702,199
2017\8\8 8:44,562,,1703,281
2017\8\8 8:46,440,,1704,220
2017\8\8 8:48,464,,1705,232
2017\8\8 8:50,493,,1706,246
2017\8\8 8:52,334,,1707,167
2017\8\8 8:54,422,,1708,211
2017\8\8 8:56,336,,1709,168
2017\8\8 8:58,262,,1710,131
2017\8\8 9:00,371,,1711,185
2017\8\8 9:02,347,,1712,173
2017\8\8 9:04,299,,1713,149
2017\8\8 9:06,302,,1714,151
2017\8\8 9:08,256,,1715,128
2017\8\8 9:10,379,,1716,189
2017\8\8 9:12,266,,1717,133
2017\8\8 9:14,305,,1718,152
2017\8\8 9:16,329,,1719,164
2017\8\8 9:18,251,,1720,125
2017\8\8 9:20,230,,1721,115
2017\8\8 9:22,245,,1722,122
2017\8\8 9:24,209,,1723,104
2017\8\8 9:26,213,,1724,106
2017\8\8 9:28,227,,1725,113
2017\8\8 9:30,229,,1726,114
2017\8\8 9:32,157,,1727,78
2017\8\8 9:34,218,,1728,109
2017\8\8 9:36,181,,1729,90
2017\8\8 9:38,214,,1730,107
2017\8\8 9:40,218,,1731,109
2017\8\8 9:42,187,,1732,93
2017\8\8 9:44,272,,1733,136
2017\8\8 9:46,136,,1734,68
2017\8\8 9:48,218,,1735,109
2017\8\8 9:50,228,,1736,114
2017\8\8 9:52,145,,1737,72
2017\8\8 9:54,223,,1738,111
2017\8\8 9:56,237,,1739,118
2017\8\8 9:58,149,,1740,74
2017\8\8 10:00,190,,1741,95
2017\8\8 10:02,134,,1742,67
2017\8\8 10:04,160,,1743,80
2017\8\8 10:06,118,,1744,59
2017\8\8 10:08,134,,1745,67
2017\8\8 10:10,102,,1746,51
2017\8\8 10:12,127,,1747,63
2017\8\8 10:14,193,,1748,96
2017\8\8 10:16,85,,1749,42
2017\8\8 10:18,129,,1750,64
2017\8\8 10:20,113,,1751,56
2017\8\8 10:22,75,,1752,37
2017\8\8 10:24,99,,1753,49
2017\8\8 10:26,144,,1754,72
2017\8\8 10:28,77,,1755,38
2017\8\8 10:30,112,,1756,56
2017\8\8 10:32,147,,1757,73
2017\8\8 10:34,105,,1758,52
2017\8\8 10:36,116,,1759,58
2017\8\8 10:38,96,,1760,48
2017\8\8 10:40,53,,1761,26
2017\8\8 10:42,111,,1762,55
2017\8\8 10:44,122,,1763,61
2017\8\8 10:46,73,,1764,36
2017\8\8 10:48,100,,1765,50
2017\8\8 10:50,99,,1766,49
2017\8\8 10:52,77,,1767,38
2017\8\8 10:54,102,,1768,51
2017\8\8 10:56,117,,1769,58
2017\8\8 10:58,71,,1770,35
2017\8\8 11:00,95,,1771,47
2017\8\8 11:02,101,,1772,50
2017\8\8 11:04,66,,1773,33
2017\8\8 11:06,86,,1774,43
2017\8\8 11:08,118,,1775,59
2017\8\8 11:10,107,,1776,53
2017\8\8 11:12,140,,1777,70
2017\8\8 11:14,135,,1778,67
2017\8\8 11:16,55,,1779,27
2017\8\8 11:18,114,,1780,57
2017\8\8 11:20,88,,1781,44
2017\8\8 11:22,99,,1782,49
2017\8\8 11:24,84,,1783,42
2017\8\8 11:26,121,,1784,60
2017\8\8 11:28,91,,1785,45
2017\8\8 11:30,117,,1786,58
2017\8\8 11:32,85,,1787,42
2017\8\8 11:34,64,,1788,32
2017\8\8 11:36,99,,1789,49
2017\8\8 11:38,108,,1790,54
2017\8\8 11:40,79,,1791,39
2017\8\8 11:42,75,,1792,37
2017\8\8 11:44,114,,1793,57
2017\8\8 11:46,91,,1794,45
2017\8\8 11:48,86,,1795,43
2017\8\8 11:50,131,,1796,65
2017\8\8 11:52,63,,1797,31
2017\8\8 11:54,82,,1798,41
2017\8\8 11:56,96,,1799,48
2017\8\8 11:58,77,,1800,38
2017\8\8 12:00,71,,1801,35
2017\8\8 12:02,89,,1802,44
2017\8\8 12:04,72,,1803,36
2017\8\8 12:06,92,,1804,46
2017\8\8 12:08,88,,1805,44
2017\8\8 12:10,113,,1806,56
2017\8\8 12:12,54,,1807,27
2017\8\8 12:14,121,,1808,60
2017\8\8 12:16,96,,1809,48
2017\8\8 12:18,84,,1810,42
2017\8\8 12:20,101,,1811,50
2017\8\8 12:22,97,,1812,48
2017\8\8 12:24,59,,1813,29
2017\8\8 12:26,97,,1814,48
2017\8\8 12:28,82,,1815,41
2017\8\8 12:30,78,,1816,39
2017\8\8 12:32,87,,1817,43
2017\8\8 12:34,79,,1818,39
2017\8\8 12:36,109,,1819,54
2017\8\8 12:38,85,,1820,42
2017\8\8 12:40,91,,1821,45
2017\8\8 12:42,43,,1822,21
2017\8\8 12:44,80,,1823,40
2017\8\8 12:46,103,,1824,51
2017\8\8 12:48,79,,1825,39
2017\8\8 12:50,78,,1826,39
2017\8\8 12:52,121,,1827,60
2017\8\8 12:54,62,,1828,31
2017\8\8 12:56,112,,1829,56
2017\8\8 12:58,78,,1830,39
2017\8\8 13:00,97,,1831,48
2017\8\8 13:02,112,,1832,56
2017\8\8 13:04,71,,1833,35
2017\8\8 13:06,89,,1834,44
2017\8\8 13:08,125,,1835,62
2017\8\8 13:10,112,,1836,56
2017\8\8 13:12,129,,1837,64
2017\8\8 13:14,107,,1838,53
2017\8\8 13:16,73,,1839,36
2017\8\8 13:18,133,,1840,66
2017\8\8 13:20,112,,1841,56
2017\8\8 13:22,77,,1842,38
2017\8\8 13:24,70,,1843,35
2017\8\8 13:26,87,,1844,43
2017\8\8 13:28,85,,1845,42
2017\8\8 13:30,79,,1846,39
2017\8\8 13:32,106,,1847,53
2017\8\8 13:34,97,,1848,48
2017\8\8 13:36,106,,1849,53
2017\8\8 13:38,116,,1850,58
2017\8\8 13:40,57,,1851,28
2017\8\8 13:42,99,,1852,49
2017\8\8 13:44,84,,1853,42
2017\8\8 13:46,72,,1854,36
2017\8\8 13:48,110,,1855,55
2017\8\8 13:50,73,,1856,36
2017\8\8 13:52,73,,1857,36
2017\8\8 13:54,86,,1858,43
2017\8\8 13:56,95,,1859,47
2017\8\8 13:58,101,,1860,50
2017\8\8 14:00,98,,1861,49
2017\8\8 14:02,97,,1862,48
2017\8\8 14:04,68,,1863,34
2017\8\8 14:06,98,,1864,49
2017\8\8 14:08,99,,1865,49
2017\8\8 14:10,69,,1866,34
2017\8\8 14:12,92,,1867,46
2017\8\8 14:14,98,,1868,49
2017\8\8 14:16,108,,1869,54
2017\8\8 14:18,96,,1870,48
2017\8\8 14:20,89,,1871,44
2017\8\8 14:22,76,,1872,38
2017\8\8 14:24,103,,1873,51
2017\8\8 14:26,106,,1874,53
2017\8\8 14:28,70,,1875,35
2017\8\8 14:30,96,,1876,48
2017\8\8 14:32,100,,1877,50
2017\8\8 14:34,86,,1878,43
2017\8\8 14:36,71,,1879,35
2017\8\8 14:38,119,,1880,59
2017\8\8 14:40,51,,1881,25
2017\8\8 14:42,80,,1882,40
2017\8\8 14:44,97,,1883,48
2017\8\8 14:46,92,,1884,46
2017\8\8 14:48,82,,1885,41
2017\8\8 14:50,61,,1886,30
2017\8\8 14:52,79,,1887,39
2017\8\8 14:54,63,,1888,31
2017\8\8 14:56,73,,1889,36
2017\8\8 14:58,89,,1890,44
2017\8\8 15:00,94,,1891,47
2017\8\8 15:02,88,,1892,44
2017\8\8 15:04,91,,1893,45
2017\8\8 15:06,103,,1894,51
2017\8\8 15:08,86,,1895,43
2017\8\8 15:10,64,,1896,32
2017\8\8 15:12,103,,1897,51
2017\8\8 15:14,90,,1898,45
2017\8\8 15:16,58,,1899,29
2017\8\8 15:18,93,,1900,46
2017\8\8 15:20,80,,1901,40
2017\8\8 15:22,80,,1902,40
2017\8\8 15:24,82,,1903,41
2017\8\8 15:26,83,,1904,41
2017\8\8 15:28,94,,1905,47
2017\8\8 15:30,105,,1906,52
2017\8\8 15:32,79,,1907,39
2017\8\8 15:34,66,,1908,33
2017\8\8 15:36,99,,1909,49
2017\8\8 15:38,78,,1910,39
2017\8\8 15:40,95,,1911,47
2017\8\8 15:42,73,,1912,36
2017\8\8 15:44,70,,1913,35
2017\8\8 15:46,107,,1914,53
2017\8\8 15:48,110,,1915,55
2017\8\8 15:50,92,,1916,46
2017\8\8 15:52,95,,1917,47
2017\8\8 15:54,81,,1918,40
2017\8\8 15:56,93,,1919,46
2017\8\8 15:58,110,,1920,55
2017\8\8 16:00,86,,1921,43
2017\8\8 16:02,90,,1922,45
2017\8\8 16:04,77,,1923,38
2017\8\8 16:06,100,,1924,50
2017\8\8 16:08,136,,1925,68
2017\8\8 16:10,87,,1926,43
2017\8\8 16:12,86,,1927,43
2017\8\8 16:14,91,,1928,45
2017\8\8 16:16,72,,1929,36
2017\8\8 16:18,85,,1930,42
2017\8\8 16:20,94,,1931,47
2017\8\8 16:22,100,,1932,50
2017\8\8 16:24,129,,1933,64
2017\8\8 16:26,133,,1934,66
2017\8\8 16:28,78,,1935,39
2017\8\8 16:30,72,,1936,36
2017\8\8 16:32,88,,1937,44
2017\8\8 16:34,109,,1938,54
2017\8\8 16:36,115,,1939,57
2017\8\8 16:38,71,,1940,35
2017\8\8 16:40,103,,1941,51
2017\8\8 16:42,135,,1942,67
2017\8\8 16:44,109,,1943,54
2017\8\8 16:46,97,,1944,48
2017\8\8 16:48,66,,1945,33
2017\8\8 16:50,124,,1946,62
2017\8\8 16:52,114,,1947,57
2017\8\8 16:54,110,,1948,55
2017\8\8 16:56,116,,1949,58
2017\8\8 16:58,114,,1950,57
2017\8\8 17:00,122,,1951,61
2017\8\8 17:02,188,,1952,94
2017\8\8 17:04,126,,1953,63
2017\8\8 17:06,157,,1954,78
2017\8\8 17:08,169,,1955,84
2017\8\8 17:10,229,,1956,114
2017\8\8 17:12,190,,1957,95
2017\8\8 17:14,161,,1958,80
2017\8\8 17:16,171,,1959,85
2017\8\8 17:18,160,,1960,80
2017\8\8 17:20,142,,1961,71
2017\8\8 17:22,196,,1962,98
2017\8\8 17:24,201,,1963,100
2017\8\8 17:26,181,,1964,90
2017\8\8 17:28,158,,1965,79
2017\8\8 17:30,123,,1966,61
2017\8\8 17:32,142,,1967,71
2017\8\8 17:34,223,,1968,111
2017\8\8 17:36,295,,1969,147
2017\8\8 17:38,318,,1970,159
2017\8\8 17:40,302,,1971,151
2017\8\8 17:42,310,,1972,155
2017\8\8 17:44,263,,1973,131
2017\8\8 17:46,355,,1974,177
2017\8\8 17:48,268,,1975,134
2017\8\8 17:50,218,,1976,109
2017\8\8 17:52,282,,1977,141
2017\8\8 17:54,215,,1978,107
2017\8\8 17:56,209,,1979,104
2017\8\8 17:58,154,,1980,77
2017\8\8 18:00,152,,1981,76
2017\8\8 18:02,169,,1982,84
2017\8\8 18:04,219,,1983,109
2017\8\8 18:06,264,,1984,132
2017\8\8 18:08,382,,1985,191
2017\8\8 18:10,444,,1986,222
2017\8\8 18:12,340,,1987,170
2017\8\8 18:14,406,,1988,203
2017\8\8 18:16,342,,1989,171
2017\8\8 18:18,386,,1990,193
2017\8\8 18:20,374,,1991,187
2017\8\8 18:22,341,,1992,170
2017\8\8 18:24,290,,1993,145
2017\8\8 18:26,264,,1994,132
2017\8\8 18:28,255,,1995,127
2017\8\8 18:30,192,,1996,96
2017\8\8 18:32,234,,1997,117
2017\8\8 18:34,232,,1998,116
2017\8\8 18:36,239,,1999,119
2017\8\8 18:38,170,,2000,85
2017\8\8 18:40,265,,2001,132
2017\8\8 18:42,304,,2002,152
2017\8\8 18:44,260,,2003,130
2017\8\8 18:46,281,,2004,140
2017\8\8 18:48,330,,2005,165
2017\8\8 18:50,201,,2006,100
2017\8\8 18:52,212,,2007,106
2017\8\8 18:54,185,,2008,92
2017\8\8 18:56,199,,2009,99
2017\8\8 18:58,190,,2010,95
2017\8\8 19:00,213,,2011,106
2017\8\8 19:02,199,,2012,99
2017\8\8 19:04,232,,2013,116
2017\8\8 19:06,190,,2014,95
2017\8\8 19:08,192,,2015,96
2017\8\8 19:10,217,,2016,108
2017\8\8 19:12,187,,2017,93
2017\8\8 19:14,181,,2018,90
2017\8\8 19:16,156,,2019,78
2017\8\8 19:18,148,,2020,74
2017\8\8 19:20,138,,2021,69
2017\8\8 19:22,142,,2022,71
2017\8\8 19:24,141,,2023,70
2017\8\8 19:26,202,,2024,101
2017\8\8 19:28,142,,2025,71
2017\8\8 19:30,146,,2026,73
2017\8\8 19:32,164,,2027,82
2017\8\8 19:34,111,,2028,55
2017\8\8 19:36,139,,2029,69
2017\8\8 19:38,108,,2030,54
2017\8\8 19:40,102,,2031,51
2017\8\8 19:42,159,,2032,79
2017\8\8 19:44,128,,2033,64
2017\8\8 19:46,123,,2034,61
2017\8\8 19:48,157,,2035,78
2017\8\8 19:50,122,,2036,61
2017\8\8 19:52,98,,2037,49
2017\8\8 19:54,153,,2038,76
2017\8\8 19:56,138,,2039,69
2017\8\8 19:58,93,,2040,46
2017\8\8 20:00,111,,2041,55
2017\8\8 20:02,122,,2042,61
2017\8\8 20:04,113,,2043,56
2017\8\8 20:06,97,,2044,48
2017\8\8 20:08,86,,2045,43
2017\8\8 20:10,120,,2046,60
2017\8\8 20:12,114,,2047,57
2017\8\8 20:14,111,,2048,55
2017\8\8 20:16,95,,2049,47
2017\8\8 20:18,86,,2050,43
2017\8\8 20:20,110,,2051,55
2017\8\8 20:22,90,,2052,45
2017\8\8 20:24,69,,2053,34
2017\8\8 20:26,69,,2054,34
2017\8\8 20:28,104,,2055,52
2017\8\8 20:30,59,,2056,29
2017\8\8 20:32,69,,2057,34
2017\8\8 20:34,74,,2058,37
2017\8\8 20:36,68,,2059,34
2017\8\8 20:38,61,,2060,30
2017\8\8 20:40,59,,2061,29
2017\8\8 20:42,87,,2062,43
2017\8\8 20:44,78,,2063,39
2017\8\8 20:46,69,,2064,34
2017\8\8 20:48,89,,2065,44
2017\8\8 20:50,77,,2066,38
2017\8\8 20:52,34,,2067,17
2017\8\8 20:54,81,,2068,40
2017\8\8 20:56,51,,2069,25
2017\8\8 20:58,77,,2070,38
2017\8\8 21:00,98,,2071,49
2017\8\8 21:02,69,,2072,34
2017\8\8 21:04,68,,2073,34
2017\8\8 21:06,64,,2074,32
2017\8\8 21:08,63,,2075,31
2017\8\8 21:10,91,,2076,45
2017\8\8 21:12,55,,2077,27
2017\8\8 21:14,63,,2078,31
2017\8\8 21:16,61,,2079,30
2017\8\8 21:18,88,,2080,44
2017\8\8 21:20,63,,2081,31
2017\8\8 21:22,70,,2082,35
2017\8\8 21:24,94,,2083,47
2017\8\8 21:26,71,,2084,35
2017\8\8 21:28,69,,2085,34
2017\8\8 21:30,90,,2086,45
2017\8\8 21:32,84,,2087,42
2017\8\8 21:34,55,,2088,27
2017\8\8 21:36,54,,2089,27
2017\8\8 21:38,44,,2090,22
2017\8\8 21:40,42,,2091,21
2017\8\8 21:42,64,,2092,32
2017\8\8 21:44,55,,2093,27
2017\8\8 21:46,38,,2094,19
2017\8\8 21:48,31,,2095,15
2017\8\8 21:50,79,,2096,39
2017\8\8 21:52,31,,2097,15
2017\8\8 21:54,16,,2098,8
2017\8\8 21:56,38,,2099,19
2017\8\8 21:58,31,,2100,15
2017\8\8 22:00,30,,2101,15
2017\8\8 22:02,63,,2102,31
2017\8\8 22:04,84,,2103,42
2017\8\8 22:06,85,,2104,42
2017\8\8 22:08,45,,2105,22
2017\8\8 22:10,26,,2106,13
2017\8\8 22:12,42,,2107,21
2017\8\8 22:14,35,,2108,17
2017\8\8 22:16,43,,2109,21
2017\8\8 22:18,56,,2110,28
2017\8\8 22:20,35,,2111,17
2017\8\8 22:22,35,,2112,17
2017\8\8 22:24,34,,2113,17
2017\8\8 22:26,71,,2114,35
2017\8\8 22:28,40,,2115,20
2017\8\8 22:30,31,,2116,15
2017\8\8 22:32,79,,2117,39
2017\8\8 22:34,28,,2118,14
2017\8\8 22:36,43,,2119,21
2017\8\8 22:38,56,,2120,28
2017\8\8 22:40,33,,2121,16
2017\8\8 22:42,29,,2122,14
2017\8\8 22:44,27,,2123,13
2017\8\8 22:46,40,,2124,20
2017\8\8 22:48,33,,2125,16
2017\8\8 22:50,46,,2126,23
2017\8\8 22:52,29,,2127,14
2017\8\8 22:54,13,,2128,6
2017\8\8 22:56,20,,2129,10
2017\8\8 22:58,22,,2130,11
2017\8\8 23:00,24,,2131,12
2017\8\8 23:02,32,,2132,16
2017\8\8 23:04,5,,2133,2
2017\8\8 23:06,1,,2134,0
2017\8\8 23:08,4,,2135,2
2017\8\8 23:10,0,,2136,0
2017\8\8 23:12,0,,2137,0
2017\8\8 23:14,2,,2138,1
2017\8\8 23:16,17,,2139,8
2017\8\8 23:18,10,,2140,5
2017\8\8 23:20,1,,2141,0
2017\8\8 23:22,0,,2142,0
2017\8\8 23:24,1,,2143,0
2017\8\8 23:26,3,,2144,1
2017\8\8 23:28,0,,2145,0
2017\8\8 23:30,10,,2146,5
2017\8\8 23:32,2,,2147,1
2017\8\8 23:34,10,,2148,5
2017\8\8 23:36,0,,2149,0
2017\8\8 23:38,3,,2150,1
2017\8\8 23:40,7,,2151,3
2017\8\8 23:42,3,,2152,1
2017\8\8 23:44,0,,2153,0
2017\8\8 23:46,1,,2154,0
2017\8\8 23:48,0,,2155,0
2017\8\8 23:50,0,,2156,0
2017\8\8 23:52,0,,2157,0
2017\8\8 23:54,1,,2158,0
2017\8\8 23:56,0,,2159,0
2017\8\8 23:58,0,,2160,0
